original_sentence,subject_text,subject_type,object_text,object_type,marked_sentence,relation_label,source
Thuốc Levodopa được xem là tiêu chuẩn vàng trong điều trị Parkinson nhờ khả năng bù đắp lượng dopamine bị thiếu hụt.,Parkinson,Bệnh,Thuốc,Điều trị,[o] thuốc [/o] levodopa được xem là tiêu chuẩn vàng trong điều trị [s] parkinson [/s] nhờ khả năng bù đắp lượng dopamine bị thiếu hụt.,Điều_trị_bằng,Silver-Rule
"Cơn đau vùng thượng vị là dấu hiệu chính của viêm dạ dày cấp, gây khó khăn và khó chịu khi ăn uống.",viêm dạ dày,Bệnh,Cơn đau vùng thượng vị,Triệu chứng,"[o] cơn đau vùng thượng vị [/o] là dấu hiệu chính của [s] viêm dạ dày [/s] cấp, gây khó khăn và khó chịu khi ăn uống.",Có_triệu_chứng,Silver-Rule
Viêm dạ dày mạn tính thường diễn biến âm thầm không triệu chứng và chỉ được phát hiện tình cờ khi nội soi.,Viêm dạ dày mạn tính,Bệnh,tình cờ,Triệu chứng,[s] viêm dạ dày mạn tính [/s] thường diễn biến âm thầm không triệu chứng và chỉ được phát hiện [o] tình cờ [/o] khi nội soi.,Có_triệu_chứng,Silver-Rule
Viêm dạ dày do axit tăng cao có thể được kiểm soát bằng các thuốc chẹn H2 như Cimetidine hoặc Famotidine.,Viêm dạ dày,Bệnh,thuốc,Điều trị,[s] viêm dạ dày [/s] do axit tăng cao có thể được kiểm soát bằng các [o] thuốc [/o] chẹn h2 như cimetidine hoặc famotidine.,Điều_trị_bằng,Silver-Rule
Viêm dạ dày do axit tăng cao có thể được kiểm soát bằng các thuốc chẹn H2 như Cimetidine hoặc Famotidine.,thuốc,Điều trị,do axit tăng cao,Nguyên nhân,viêm dạ dày [o] do axit tăng cao [/o] có thể được kiểm soát bằng các [s] thuốc [/s] chẹn h2 như cimetidine hoặc famotidine.,No_relation,Silver-Rule
"Viêm dạ dày cấp đôi khi tự khỏi, hoặc có thể dùng thuốc giảm tiết axit để điều trị.",Viêm dạ dày cấp,Bệnh,giảm tiết axit,Điều trị,"[s] viêm dạ dày cấp [/s] đôi khi tự khỏi, hoặc có thể dùng thuốc [o] giảm tiết axit [/o] để điều trị.",Điều_trị_bằng,Silver-Rule
Sinh thiết niêm mạc là kỹ thuật được dùng để chẩn đoán xác định viêm dạ dày.,viêm dạ,Bệnh,Sinh thiết niêm mạc,Chẩn đoán,[o] sinh thiết niêm mạc [/o] là kỹ thuật được dùng để chẩn đoán xác định [s] viêm dạ [/s] dày.,Chẩn_đoán_bằng,Silver-Rule
Các bệnh lý mạch máu não cũng là một nguyên nhân tiềm ẩn gây ra hội chứng Parkinson thứ phát.,Các,Nguyên nhân,bệnh lý mạch máu não,Nguyên nhân,[s] các [/s] [o] bệnh lý mạch máu não [/o] cũng là một nguyên nhân tiềm ẩn gây ra hội chứng parkinson thứ phát.,Gây_ra,Silver-Model
Các bệnh lý mạch máu não cũng là một nguyên nhân tiềm ẩn gây ra hội chứng Parkinson thứ phát.,Các,Nguyên nhân,Parkinson,Bệnh,[s] các [/s] bệnh lý mạch máu não cũng là một nguyên nhân tiềm ẩn gây ra hội chứng [o] parkinson [/o] thứ phát.,Gây_ra,Silver-Rule
Các bệnh lý mạch máu não cũng là một nguyên nhân tiềm ẩn gây ra hội chứng Parkinson thứ phát.,bệnh lý mạch máu não,Nguyên nhân,Các,Nguyên nhân,[o] các [/o] [s] bệnh lý mạch máu não [/s] cũng là một nguyên nhân tiềm ẩn gây ra hội chứng parkinson thứ phát.,Gây_ra,Silver-Model
Các bệnh lý mạch máu não cũng là một nguyên nhân tiềm ẩn gây ra hội chứng Parkinson thứ phát.,bệnh lý mạch máu não,Nguyên nhân,Parkinson,Bệnh,các [s] bệnh lý mạch máu não [/s] cũng là một nguyên nhân tiềm ẩn gây ra hội chứng [o] parkinson [/o] thứ phát.,Gây_ra,Silver-Rule
Các bệnh lý mạch máu não cũng là một nguyên nhân tiềm ẩn gây ra hội chứng Parkinson thứ phát.,Parkinson,Bệnh,Các,Nguyên nhân,[o] các [/o] bệnh lý mạch máu não cũng là một nguyên nhân tiềm ẩn gây ra hội chứng [s] parkinson [/s] thứ phát.,Gây_ra,Silver-Model
Các bệnh lý mạch máu não cũng là một nguyên nhân tiềm ẩn gây ra hội chứng Parkinson thứ phát.,Parkinson,Bệnh,bệnh lý mạch máu não,Nguyên nhân,các [o] bệnh lý mạch máu não [/o] cũng là một nguyên nhân tiềm ẩn gây ra hội chứng [s] parkinson [/s] thứ phát.,Gây_ra,Silver-Model
"Nhiễm khuẩn Helicobacter Pylori là nguyên nhân hàng đầu gây viêm dạ dày mạn, trong khi tự miễn và bệnh Crohn ít gặp hơn.",Nhiễm khuẩn,Nguyên nhân,dạ dày,Bệnh,"[s] nhiễm khuẩn [/s] helicobacter pylori là nguyên nhân hàng đầu gây viêm [o] dạ dày [/o] mạn, trong khi tự miễn và bệnh crohn ít gặp hơn.",Gây_ra,Silver-Model
"Nhiễm khuẩn Helicobacter Pylori là nguyên nhân hàng đầu gây viêm dạ dày mạn, trong khi tự miễn và bệnh Crohn ít gặp hơn.",dạ dày,Bệnh,Nhiễm khuẩn,Nguyên nhân,"[o] nhiễm khuẩn [/o] helicobacter pylori là nguyên nhân hàng đầu gây viêm [s] dạ dày [/s] mạn, trong khi tự miễn và bệnh crohn ít gặp hơn.",Gây_ra,Silver-Model
"Xuất huyết tiêu hóa là một biến chứng có thể gặp của viêm dạ dày cấp, dù bệnh này thường không đe dọa tính mạng.",Xuất huyết tiêu,Bệnh,viêm dạ dày,Bệnh,"[s] xuất huyết tiêu [/s] hóa là một biến chứng có thể gặp của [o] viêm dạ dày [/o] cấp, dù bệnh này thường không đe dọa tính mạng.",Gây_ra,Silver-Rule
"Xuất huyết tiêu hóa là một biến chứng có thể gặp của viêm dạ dày cấp, dù bệnh này thường không đe dọa tính mạng.",viêm dạ dày,Bệnh,Xuất huyết tiêu,Bệnh,"[o] xuất huyết tiêu [/o] hóa là một biến chứng có thể gặp của [s] viêm dạ dày [/s] cấp, dù bệnh này thường không đe dọa tính mạng.",Gây_ra,Silver-Rule
"Để điều trị viêm dạ dày do dư thừa axit, bác sĩ thường kê đơn thuốc ức chế bơm proton (như Esomeprazol, Omeprazol).",dư thừa,Nguyên nhân,viêm dạ dày,Bệnh,"để điều trị [o] viêm dạ dày [/o] do [s] dư thừa [/s] axit, bác sĩ thường kê đơn thuốc ức chế bơm proton (như esomeprazol, omeprazol).",Gây_ra,Silver-Rule
"Để điều trị viêm dạ dày do dư thừa axit, bác sĩ thường kê đơn thuốc ức chế bơm proton (như Esomeprazol, Omeprazol).",ức chế bơm,Điều trị,dư thừa,Nguyên nhân,"để điều trị viêm dạ dày do [o] dư thừa [/o] axit, bác sĩ thường kê đơn thuốc [s] ức chế bơm [/s] proton (như esomeprazol, omeprazol).",No_relation,Silver-Rule
Các thuốc ức chế bơm proton như Omeprazol hay Esomeprazol được dùng để chữa viêm dạ dày do tăng tiết axit.,thuốc ức chế bơm proton,Điều trị,tăng tiết,Nguyên nhân,các [s] thuốc ức chế bơm proton [/s] như omeprazol hay esomeprazol được dùng để chữa viêm dạ dày do [o] tăng tiết [/o] axit.,No_relation,Silver-Rule
Các thuốc ức chế bơm proton như Omeprazol hay Esomeprazol được dùng để chữa viêm dạ dày do tăng tiết axit.,tăng tiết,Nguyên nhân,viêm dạ dày,Bệnh,các thuốc ức chế bơm proton như omeprazol hay esomeprazol được dùng để chữa [o] viêm dạ dày [/o] do [s] tăng tiết [/s] axit.,Gây_ra,Silver-Rule
Kết quả sinh thiết niêm mạc dạ dày giúp bác sĩ chẩn đoán bệnh viêm dạ dày.,viêm dạ,Bệnh,Kết quả sinh thiết niêm mạc dạ dày,Chẩn đoán,[o] kết quả sinh thiết niêm mạc dạ dày [/o] giúp bác sĩ chẩn đoán bệnh [s] viêm dạ [/s] dày.,Chẩn_đoán_bằng,Silver-Rule
Việc lạm dụng rượu và tiêu thụ quá nhiều caffein là những nguyên nhân phổ biến dẫn đến đau đầu Migraine.,Việc,Nguyên nhân,đau đầu,Bệnh,[s] việc [/s] lạm dụng rượu và tiêu thụ quá nhiều caffein là những nguyên nhân phổ biến dẫn đến [o] đau đầu [/o] migraine.,Gây_ra,Silver-Rule
Việc lạm dụng rượu và tiêu thụ quá nhiều caffein là những nguyên nhân phổ biến dẫn đến đau đầu Migraine.,lạm dụng rượu,Nguyên nhân,tiêu thụ quá nhiều caffein,Nguyên nhân,việc [s] lạm dụng rượu [/s] và [o] tiêu thụ quá nhiều caffein [/o] là những nguyên nhân phổ biến dẫn đến đau đầu migraine.,No_relation,Silver-Rule
Việc lạm dụng rượu và tiêu thụ quá nhiều caffein là những nguyên nhân phổ biến dẫn đến đau đầu Migraine.,lạm dụng rượu,Nguyên nhân,đau đầu,Bệnh,việc [s] lạm dụng rượu [/s] và tiêu thụ quá nhiều caffein là những nguyên nhân phổ biến dẫn đến [o] đau đầu [/o] migraine.,Gây_ra,Silver-Rule
Việc lạm dụng rượu và tiêu thụ quá nhiều caffein là những nguyên nhân phổ biến dẫn đến đau đầu Migraine.,tiêu thụ quá nhiều caffein,Nguyên nhân,lạm dụng rượu,Nguyên nhân,việc [o] lạm dụng rượu [/o] và [s] tiêu thụ quá nhiều caffein [/s] là những nguyên nhân phổ biến dẫn đến đau đầu migraine.,No_relation,Silver-Rule
Việc lạm dụng rượu và tiêu thụ quá nhiều caffein là những nguyên nhân phổ biến dẫn đến đau đầu Migraine.,tiêu thụ quá nhiều caffein,Nguyên nhân,đau đầu,Bệnh,việc lạm dụng rượu và [s] tiêu thụ quá nhiều caffein [/s] là những nguyên nhân phổ biến dẫn đến [o] đau đầu [/o] migraine.,Gây_ra,Silver-Rule
"Điều kiện vệ sinh kém tạo thuận lợi cho vi khuẩn H.pylori phát triển, là nguyên nhân gây viêm dạ dày.",Điều kiện vệ sinh kém,Nguyên nhân,vi khuẩn,Nguyên nhân,"[s] điều kiện vệ sinh kém [/s] tạo thuận lợi cho [o] vi khuẩn [/o] h.pylori phát triển, là nguyên nhân gây viêm dạ dày.",Gây_ra,Silver-Model
"Điều kiện vệ sinh kém tạo thuận lợi cho vi khuẩn H.pylori phát triển, là nguyên nhân gây viêm dạ dày.",vi khuẩn,Nguyên nhân,Điều kiện vệ sinh kém,Nguyên nhân,"[o] điều kiện vệ sinh kém [/o] tạo thuận lợi cho [s] vi khuẩn [/s] h.pylori phát triển, là nguyên nhân gây viêm dạ dày.",Gây_ra,Silver-Model
"Thuốc ức chế bơm proton có tác dụng giảm tiết axit, được dùng để chữa trị viêm dạ dày cấp.",viêm dạ dày,Bệnh,Thuốc ức chế bơm proton,Điều trị,"[o] thuốc ức chế bơm proton [/o] có tác dụng giảm tiết axit, được dùng để chữa trị [s] viêm dạ dày [/s] cấp.",Điều_trị_bằng,Silver-Rule
"Thuốc ức chế bơm proton có tác dụng giảm tiết axit, được dùng để chữa trị viêm dạ dày cấp.",viêm dạ dày,Bệnh,giảm tiết,Điều trị,"thuốc ức chế bơm proton có tác dụng [o] giảm tiết [/o] axit, được dùng để chữa trị [s] viêm dạ dày [/s] cấp.",Điều_trị_bằng,Silver-Rule
Chụp X-quang đường tiêu hóa là một trong những phương pháp chẩn đoán viêm dạ dày.,Chụp X-quang đường tiêu,Chẩn đoán,viêm,Bệnh,[s] chụp x-quang đường tiêu [/s] hóa là một trong những phương pháp chẩn đoán [o] viêm [/o] dạ dày.,Chẩn_đoán_bằng,Silver-Model
Chụp X-quang đường tiêu hóa là một trong những phương pháp chẩn đoán viêm dạ dày.,viêm,Bệnh,Chụp X-quang đường tiêu,Chẩn đoán,[o] chụp x-quang đường tiêu [/o] hóa là một trong những phương pháp chẩn đoán [s] viêm [/s] dạ dày.,Chẩn_đoán_bằng,Silver-Rule
"Giọng nói của người bệnh có thể trở nên nhỏ, khàn và thiếu ngữ điệu do ảnh hưởng của bệnh lên cơ thanh quản.",khàn,Triệu chứng,thiếu ngữ điệu,Triệu chứng,"giọng nói của người bệnh có thể trở nên nhỏ, [s] khàn [/s] và [o] thiếu ngữ điệu [/o] do ảnh hưởng của bệnh lên cơ thanh quản.",No_relation,Silver-Rule
"Giọng nói của người bệnh có thể trở nên nhỏ, khàn và thiếu ngữ điệu do ảnh hưởng của bệnh lên cơ thanh quản.",thiếu ngữ điệu,Triệu chứng,khàn,Triệu chứng,"giọng nói của người bệnh có thể trở nên nhỏ, [o] khàn [/o] và [s] thiếu ngữ điệu [/s] do ảnh hưởng của bệnh lên cơ thanh quản.",No_relation,Silver-Rule
Thay đổi lối sống lành mạnh như cai thuốc lá và hạn chế rượu bia là bước đầu tiên trong phác đồ điều trị tăng huyết áp.,cai thuốc lá,Điều trị,hạn chế rượu bia,Điều trị,thay đổi lối sống lành mạnh như [s] cai thuốc lá [/s] và [o] hạn chế rượu bia [/o] là bước đầu tiên trong phác đồ điều trị tăng huyết áp.,No_relation,Silver-Rule
Thay đổi lối sống lành mạnh như cai thuốc lá và hạn chế rượu bia là bước đầu tiên trong phác đồ điều trị tăng huyết áp.,hạn chế rượu bia,Điều trị,cai thuốc lá,Điều trị,thay đổi lối sống lành mạnh như [o] cai thuốc lá [/o] và [s] hạn chế rượu bia [/s] là bước đầu tiên trong phác đồ điều trị tăng huyết áp.,No_relation,Silver-Rule
Thay đổi lối sống lành mạnh như cai thuốc lá và hạn chế rượu bia là bước đầu tiên trong phác đồ điều trị tăng huyết áp.,tăng huyết,Bệnh,Thay đổi lối sống lành mạnh,Điều trị,[o] thay đổi lối sống lành mạnh [/o] như cai thuốc lá và hạn chế rượu bia là bước đầu tiên trong phác đồ điều trị [s] tăng huyết [/s] áp.,Điều_trị_bằng,Silver-Rule
Thay đổi lối sống lành mạnh như cai thuốc lá và hạn chế rượu bia là bước đầu tiên trong phác đồ điều trị tăng huyết áp.,tăng huyết,Bệnh,cai thuốc lá,Điều trị,thay đổi lối sống lành mạnh như [o] cai thuốc lá [/o] và hạn chế rượu bia là bước đầu tiên trong phác đồ điều trị [s] tăng huyết [/s] áp.,Điều_trị_bằng,Silver-Rule
Thay đổi lối sống lành mạnh như cai thuốc lá và hạn chế rượu bia là bước đầu tiên trong phác đồ điều trị tăng huyết áp.,tăng huyết,Bệnh,hạn chế rượu bia,Điều trị,thay đổi lối sống lành mạnh như cai thuốc lá và [o] hạn chế rượu bia [/o] là bước đầu tiên trong phác đồ điều trị [s] tăng huyết [/s] áp.,Điều_trị_bằng,Silver-Rule
"Đối với viêm dạ dày cấp, bác sĩ thường chỉ định thuốc ức chế bơm proton để giảm tiết axit.",viêm dạ dày,Bệnh,thuốc ức chế bơm proton,Điều trị,"đối với [s] viêm dạ dày [/s] cấp, bác sĩ thường chỉ định [o] thuốc ức chế bơm proton [/o] để giảm tiết axit.",Điều_trị_bằng,Silver-Rule
Phẫu thuật kích thích não sâu (DBS) là phương án được cân nhắc khi bệnh nhân không còn đáp ứng tốt với điều trị nội khoa.,thuật kích,Điều trị,Phẫu,Nguyên nhân,[o] phẫu [/o] [s] thuật kích [/s] thích não sâu (dbs) là phương án được cân nhắc khi bệnh nhân không còn đáp ứng tốt với điều trị nội khoa.,No_relation,Silver-Rule
Phẫu thuật kích thích não sâu (DBS) là phương án được cân nhắc khi bệnh nhân không còn đáp ứng tốt với điều trị nội khoa.,thuật kích,Điều trị,thích não sâu,Nguyên nhân,phẫu [s] thuật kích [/s] [o] thích não sâu [/o] (dbs) là phương án được cân nhắc khi bệnh nhân không còn đáp ứng tốt với điều trị nội khoa.,No_relation,Silver-Rule
Chế độ ăn giàu chất xơ và uống đủ nước giúp cải thiện đáng kể tình trạng táo bón mạn tính ở người mắc Parkinson.,Chế độ ăn giàu chất xơ,Điều trị,uống đủ nước,Điều trị,[s] chế độ ăn giàu chất xơ [/s] và [o] uống đủ nước [/o] giúp cải thiện đáng kể tình trạng táo bón mạn tính ở người mắc parkinson.,No_relation,Silver-Rule
Chế độ ăn giàu chất xơ và uống đủ nước giúp cải thiện đáng kể tình trạng táo bón mạn tính ở người mắc Parkinson.,uống đủ nước,Điều trị,Chế độ ăn giàu chất xơ,Điều trị,[o] chế độ ăn giàu chất xơ [/o] và [s] uống đủ nước [/s] giúp cải thiện đáng kể tình trạng táo bón mạn tính ở người mắc parkinson.,No_relation,Silver-Rule
Chế độ ăn giàu chất xơ và uống đủ nước giúp cải thiện đáng kể tình trạng táo bón mạn tính ở người mắc Parkinson.,bón,Triệu chứng,Chế độ ăn giàu chất xơ,Điều trị,[o] chế độ ăn giàu chất xơ [/o] và uống đủ nước giúp cải thiện đáng kể tình trạng táo [s] bón [/s] mạn tính ở người mắc parkinson.,No_relation,Silver-Rule
Chế độ ăn giàu chất xơ và uống đủ nước giúp cải thiện đáng kể tình trạng táo bón mạn tính ở người mắc Parkinson.,bón,Triệu chứng,uống đủ nước,Điều trị,chế độ ăn giàu chất xơ và [o] uống đủ nước [/o] giúp cải thiện đáng kể tình trạng táo [s] bón [/s] mạn tính ở người mắc parkinson.,No_relation,Silver-Rule
Giảm lượng muối ăn hằng ngày xuống dưới 5g là khuyến cáo quan trọng hàng đầu để kiểm soát chỉ số huyết áp.,Giảm,Điều trị,lượng muối ăn hằng ngày,Nguyên nhân,[s] giảm [/s] [o] lượng muối ăn hằng ngày [/o] xuống dưới 5g là khuyến cáo quan trọng hàng đầu để kiểm soát chỉ số huyết áp.,No_relation,Silver-Rule
Cảm giác đầy bụng trên sau bữa ăn là một biểu hiện của viêm dạ dày.,viêm dạ,Bệnh,Cảm giác đầy bụng trên sau bữa ăn,Triệu chứng,[o] cảm giác đầy bụng trên sau bữa ăn [/o] là một biểu hiện của [s] viêm dạ [/s] dày.,Có_triệu_chứng,Silver-Rule
Tránh xa khói thuốc lá là biện pháp phòng ngừa cần thiết để hạn chế các cơn đau đầu bùng phát.,Tránh,Điều trị,xa khói thuốc lá,Nguyên nhân,[s] tránh [/s] [o] xa khói thuốc lá [/o] là biện pháp phòng ngừa cần thiết để hạn chế các cơn đau đầu bùng phát.,No_relation,Silver-Rule
Nguyên nhân chủ yếu dẫn đến viêm dạ dày mạn là do nhiễm vi khuẩn HP.,viêm dạ dày mạn,Bệnh,nhiễm vi khuẩn,Nguyên nhân,nguyên nhân chủ yếu dẫn đến [s] viêm dạ dày mạn [/s] là do [o] nhiễm vi khuẩn [/o] hp.,Gây_ra,Silver-Model
Nguyên nhân chủ yếu dẫn đến viêm dạ dày mạn là do nhiễm vi khuẩn HP.,nhiễm vi khuẩn,Nguyên nhân,viêm dạ dày mạn,Bệnh,nguyên nhân chủ yếu dẫn đến [o] viêm dạ dày mạn [/o] là do [s] nhiễm vi khuẩn [/s] hp.,Gây_ra,Silver-Rule
Nội soi là phương pháp tối ưu để chẩn đoán viêm dạ dày và giúp phân biệt với ung thư dạ dày.,Nội soi,Chẩn đoán,viêm dạ dày,Bệnh,[s] nội soi [/s] là phương pháp tối ưu để chẩn đoán [o] viêm dạ dày [/o] và giúp phân biệt với ung thư dạ dày.,Chẩn_đoán_bằng,Silver-Model
Nội soi là phương pháp tối ưu để chẩn đoán viêm dạ dày và giúp phân biệt với ung thư dạ dày.,Nội soi,Chẩn đoán,ung thư dạ,Bệnh,[s] nội soi [/s] là phương pháp tối ưu để chẩn đoán viêm dạ dày và giúp phân biệt với [o] ung thư dạ [/o] dày.,Chẩn_đoán_bằng,Silver-Model
Nội soi là phương pháp tối ưu để chẩn đoán viêm dạ dày và giúp phân biệt với ung thư dạ dày.,viêm dạ dày,Bệnh,Nội soi,Chẩn đoán,[o] nội soi [/o] là phương pháp tối ưu để chẩn đoán [s] viêm dạ dày [/s] và giúp phân biệt với ung thư dạ dày.,Chẩn_đoán_bằng,Silver-Rule
Nội soi là phương pháp tối ưu để chẩn đoán viêm dạ dày và giúp phân biệt với ung thư dạ dày.,viêm dạ dày,Bệnh,ung thư dạ,Bệnh,nội soi là phương pháp tối ưu để chẩn đoán [s] viêm dạ dày [/s] và giúp phân biệt với [o] ung thư dạ [/o] dày.,Chẩn_đoán_bằng,Silver-Model
Nội soi là phương pháp tối ưu để chẩn đoán viêm dạ dày và giúp phân biệt với ung thư dạ dày.,ung thư dạ,Bệnh,Nội soi,Chẩn đoán,[o] nội soi [/o] là phương pháp tối ưu để chẩn đoán viêm dạ dày và giúp phân biệt với [s] ung thư dạ [/s] dày.,Chẩn_đoán_bằng,Silver-Rule
Nội soi là phương pháp tối ưu để chẩn đoán viêm dạ dày và giúp phân biệt với ung thư dạ dày.,ung thư dạ,Bệnh,viêm dạ dày,Bệnh,nội soi là phương pháp tối ưu để chẩn đoán [o] viêm dạ dày [/o] và giúp phân biệt với [s] ung thư dạ [/s] dày.,Chẩn_đoán_bằng,Silver-Model
Thực phẩm giàu Omega-3 và chất xơ nên được ưu tiên trong thực đơn hàng ngày của người bệnh Parkinson.,Thực phẩm giàu Omega-3,Điều trị,và,Nguyên nhân,[s] thực phẩm giàu omega-3 [/s] [o] và [/o] chất xơ nên được ưu tiên trong thực đơn hàng ngày của người bệnh parkinson.,No_relation,Silver-Rule
Thực phẩm giàu Omega-3 và chất xơ nên được ưu tiên trong thực đơn hàng ngày của người bệnh Parkinson.,Thực phẩm giàu Omega-3,Điều trị,chất xơ,Điều trị,[s] thực phẩm giàu omega-3 [/s] và [o] chất xơ [/o] nên được ưu tiên trong thực đơn hàng ngày của người bệnh parkinson.,No_relation,Silver-Rule
Thực phẩm giàu Omega-3 và chất xơ nên được ưu tiên trong thực đơn hàng ngày của người bệnh Parkinson.,chất xơ,Điều trị,Thực phẩm giàu Omega-3,Điều trị,[o] thực phẩm giàu omega-3 [/o] và [s] chất xơ [/s] nên được ưu tiên trong thực đơn hàng ngày của người bệnh parkinson.,No_relation,Silver-Rule
Thực phẩm giàu Omega-3 và chất xơ nên được ưu tiên trong thực đơn hàng ngày của người bệnh Parkinson.,chất xơ,Điều trị,và,Nguyên nhân,thực phẩm giàu omega-3 [o] và [/o] [s] chất xơ [/s] nên được ưu tiên trong thực đơn hàng ngày của người bệnh parkinson.,No_relation,Silver-Rule
Metformin là thuốc điều trị khởi đầu phổ biến nhất dành cho bệnh nhân đái tháo đường tuýp 2 nhằm giảm sản xuất đường tại gan.,bệnh nhân đái tháo đường,Bệnh,thuốc,Điều trị,metformin là [o] thuốc [/o] điều trị khởi đầu phổ biến nhất dành cho [s] bệnh nhân đái tháo đường [/s] tuýp 2 nhằm giảm sản xuất đường tại gan.,Điều_trị_bằng,Silver-Rule
"Đau và khó tiêu ở bụng trên là biểu hiện của viêm dạ dày, mức độ đau có thể tăng hoặc giảm sau bữa ăn.",viêm dạ,Bệnh,Đau và khó tiêu ở bụng trên,Triệu chứng,"[o] đau và khó tiêu ở bụng trên [/o] là biểu hiện của [s] viêm dạ [/s] dày, mức độ đau có thể tăng hoặc giảm sau bữa ăn.",Có_triệu_chứng,Silver-Rule
Viêm dạ dày mạn tính kéo dài là yếu tố tiềm ẩn dẫn đến ung thư dạ dày.,Viêm dạ dày mạn tính kéo dài,Bệnh,ung thư dạ,Bệnh,[s] viêm dạ dày mạn tính kéo dài [/s] là yếu tố tiềm ẩn dẫn đến [o] ung thư dạ [/o] dày.,Gây_ra,Silver-Rule
Viêm dạ dày mạn tính kéo dài là yếu tố tiềm ẩn dẫn đến ung thư dạ dày.,ung thư dạ,Bệnh,Viêm dạ dày mạn tính kéo dài,Bệnh,[o] viêm dạ dày mạn tính kéo dài [/o] là yếu tố tiềm ẩn dẫn đến [s] ung thư dạ [/s] dày.,Gây_ra,Silver-Rule
"Thuốc lợi tiểu giúp đào thải bớt muối và nước dư thừa ra khỏi cơ thể, từ đó làm giảm áp lực trong lòng mạch máu.",Thuốc lợi tiểu,Điều trị,nước,Nguyên nhân,"[s] thuốc lợi tiểu [/s] giúp đào thải bớt muối và [o] nước [/o] dư thừa ra khỏi cơ thể, từ đó làm giảm áp lực trong lòng mạch máu.",No_relation,Silver-Rule
"Biến chứng thần kinh ngoại biên do tiểu đường thường gây ra cảm giác tê bì, châm chích và mất cảm giác ở bàn chân.",biên,Nguyên nhân,cảm giác tê,Triệu chứng,"biến chứng thần kinh ngoại [s] biên [/s] do tiểu đường thường gây ra [o] cảm giác tê [/o] bì, châm chích và mất cảm giác ở bàn chân.",Gây_ra,Silver-Rule
"Biến chứng thần kinh ngoại biên do tiểu đường thường gây ra cảm giác tê bì, châm chích và mất cảm giác ở bàn chân.",tiểu đường,Nguyên nhân,Biến chứng thần kinh ngoại,Bệnh,"[o] biến chứng thần kinh ngoại [/o] biên do [s] tiểu đường [/s] thường gây ra cảm giác tê bì, châm chích và mất cảm giác ở bàn chân.",Gây_ra,Silver-Rule
"Biến chứng thần kinh ngoại biên do tiểu đường thường gây ra cảm giác tê bì, châm chích và mất cảm giác ở bàn chân.",tiểu đường,Nguyên nhân,cảm giác tê,Triệu chứng,"biến chứng thần kinh ngoại biên do [s] tiểu đường [/s] thường gây ra [o] cảm giác tê [/o] bì, châm chích và mất cảm giác ở bàn chân.",Gây_ra,Silver-Rule
Huyết áp cao không được kiểm soát là nguyên nhân chính dẫn đến các ca tai biến mạch máu não và xuất huyết não.,Huyết áp cao,Bệnh,tai biến mạch máu não,Bệnh,[s] huyết áp cao [/s] không được kiểm soát là nguyên nhân chính dẫn đến các ca [o] tai biến mạch máu não [/o] và xuất huyết não.,Gây_ra,Silver-Rule
Huyết áp cao không được kiểm soát là nguyên nhân chính dẫn đến các ca tai biến mạch máu não và xuất huyết não.,Huyết áp cao,Bệnh,xuất huyết,Bệnh,[s] huyết áp cao [/s] không được kiểm soát là nguyên nhân chính dẫn đến các ca tai biến mạch máu não và [o] xuất huyết [/o] não.,Gây_ra,Silver-Rule
Huyết áp cao không được kiểm soát là nguyên nhân chính dẫn đến các ca tai biến mạch máu não và xuất huyết não.,không được kiểm soát,Nguyên nhân,tai biến mạch máu não,Bệnh,huyết áp cao [s] không được kiểm soát [/s] là nguyên nhân chính dẫn đến các ca [o] tai biến mạch máu não [/o] và xuất huyết não.,Gây_ra,Silver-Rule
Huyết áp cao không được kiểm soát là nguyên nhân chính dẫn đến các ca tai biến mạch máu não và xuất huyết não.,không được kiểm soát,Nguyên nhân,xuất huyết,Bệnh,huyết áp cao [s] không được kiểm soát [/s] là nguyên nhân chính dẫn đến các ca tai biến mạch máu não và [o] xuất huyết [/o] não.,Gây_ra,Silver-Rule
Huyết áp cao không được kiểm soát là nguyên nhân chính dẫn đến các ca tai biến mạch máu não và xuất huyết não.,tai biến mạch máu não,Bệnh,Huyết áp cao,Bệnh,[o] huyết áp cao [/o] không được kiểm soát là nguyên nhân chính dẫn đến các ca [s] tai biến mạch máu não [/s] và xuất huyết não.,Gây_ra,Silver-Rule
Huyết áp cao không được kiểm soát là nguyên nhân chính dẫn đến các ca tai biến mạch máu não và xuất huyết não.,tai biến mạch máu não,Bệnh,xuất huyết,Bệnh,huyết áp cao không được kiểm soát là nguyên nhân chính dẫn đến các ca [s] tai biến mạch máu não [/s] và [o] xuất huyết [/o] não.,No_relation,Silver-Rule
Huyết áp cao không được kiểm soát là nguyên nhân chính dẫn đến các ca tai biến mạch máu não và xuất huyết não.,xuất huyết,Bệnh,Huyết áp cao,Bệnh,[o] huyết áp cao [/o] không được kiểm soát là nguyên nhân chính dẫn đến các ca tai biến mạch máu não và [s] xuất huyết [/s] não.,Gây_ra,Silver-Rule
Huyết áp cao không được kiểm soát là nguyên nhân chính dẫn đến các ca tai biến mạch máu não và xuất huyết não.,xuất huyết,Bệnh,tai biến mạch máu não,Bệnh,huyết áp cao không được kiểm soát là nguyên nhân chính dẫn đến các ca [o] tai biến mạch máu não [/o] và [s] xuất huyết [/s] não.,No_relation,Silver-Rule
Vi khuẩn HP là thủ phạm chính gây ra phần lớn các ca viêm dạ dày mạn tính.,Vi khuẩn HP,Nguyên nhân,viêm dạ dày mạn,Bệnh,[s] vi khuẩn hp [/s] là thủ phạm chính gây ra phần lớn các ca [o] viêm dạ dày mạn [/o] tính.,Gây_ra,Silver-Rule
"Nếu viêm dạ dày cấp do rượu hoặc thuốc NSAID, phương pháp điều trị là ngừng ngay các tác nhân này.",rượu hoặc thuốc,Nguyên nhân,viêm dạ dày cấp,Bệnh,"nếu [o] viêm dạ dày cấp [/o] do [s] rượu hoặc thuốc [/s] nsaid, phương pháp điều trị là ngừng ngay các tác nhân này.",Gây_ra,Silver-Rule
Thuốc kháng axit chứa muối nhôm là một lựa chọn điều trị cho viêm dạ dày do tăng tiết axit.,Thuốc kháng axit chứa muối nhôm,Điều trị,tăng tiết,Nguyên nhân,[s] thuốc kháng axit chứa muối nhôm [/s] là một lựa chọn điều trị cho viêm dạ dày do [o] tăng tiết [/o] axit.,No_relation,Silver-Rule
Thuốc kháng axit chứa muối nhôm là một lựa chọn điều trị cho viêm dạ dày do tăng tiết axit.,viêm dạ dày,Bệnh,Thuốc kháng axit chứa muối nhôm,Điều trị,[o] thuốc kháng axit chứa muối nhôm [/o] là một lựa chọn điều trị cho [s] viêm dạ dày [/s] do tăng tiết axit.,Điều_trị_bằng,Silver-Rule
Thuốc kháng axit chứa muối nhôm là một lựa chọn điều trị cho viêm dạ dày do tăng tiết axit.,tăng tiết,Nguyên nhân,viêm dạ dày,Bệnh,thuốc kháng axit chứa muối nhôm là một lựa chọn điều trị cho [o] viêm dạ dày [/o] do [s] tăng tiết [/s] axit.,Gây_ra,Silver-Rule
Cơn đau nửa đầu Migraine có thể kéo dài liên tục từ 4 đến 72 giờ nếu không sử dụng thuốc cắt cơn kịp thời.,đau nửa đầu,Bệnh,thuốc cắt,Điều trị,cơn [s] đau nửa đầu [/s] migraine có thể kéo dài liên tục từ 4 đến 72 giờ nếu không sử dụng [o] thuốc cắt [/o] cơn kịp thời.,Điều_trị_bằng,Silver-Rule
Đắp khăn lạnh lên vùng trán hoặc cổ bị đau có thể mang lại cảm giác dễ chịu tức thì.,Đắp khăn lạnh lên vùng trán,Nguyên nhân,cổ,Nguyên nhân,[s] đắp khăn lạnh lên vùng trán [/s] hoặc [o] cổ [/o] bị đau có thể mang lại cảm giác dễ chịu tức thì.,No_relation,Silver-Rule
Đắp khăn lạnh lên vùng trán hoặc cổ bị đau có thể mang lại cảm giác dễ chịu tức thì.,cổ,Nguyên nhân,Đắp khăn lạnh lên vùng trán,Nguyên nhân,[o] đắp khăn lạnh lên vùng trán [/o] hoặc [s] cổ [/s] bị đau có thể mang lại cảm giác dễ chịu tức thì.,No_relation,Silver-Rule
Huyết áp tâm thu có xu hướng tăng dần theo tuổi tác do sự xơ cứng tự nhiên của thành động mạch.,xơ cứng,Nguyên nhân,Huyết áp tâm thu,Bệnh,[o] huyết áp tâm thu [/o] có xu hướng tăng dần theo tuổi tác do sự [s] xơ cứng [/s] tự nhiên của thành động mạch.,Gây_ra,Silver-Rule
"Bệnh viêm dạ dày biểu hiện qua tình trạng đau tức thượng vị, bụng ậm ạch khó tiêu, chán ăn, buồn nôn và các cơn ợ chua, ợ hơi.",viêm dạ dày,Bệnh,đau tức thượng,Triệu chứng,"bệnh [s] viêm dạ dày [/s] biểu hiện qua tình trạng [o] đau tức thượng [/o] vị, bụng ậm ạch khó tiêu, chán ăn, buồn nôn và các cơn ợ chua, ợ hơi.",Có_triệu_chứng,Silver-Rule
Việc lấy mẫu mô niêm mạc dạ dày qua sinh thiết khi nội soi giúp xác định bệnh viêm dạ dày.,viêm dạ,Bệnh,lấy mẫu mô niêm mạc dạ dày qua sinh thiết,Chẩn đoán,việc [o] lấy mẫu mô niêm mạc dạ dày qua sinh thiết [/o] khi nội soi giúp xác định bệnh [s] viêm dạ [/s] dày.,Chẩn_đoán_bằng,Silver-Rule
Cảm giác cồn cào và nóng rát tại dạ dày là triệu chứng phổ biến của bệnh lý này.,bệnh,Bệnh,giác cồn cào và nóng rát tại dạ dày,Triệu chứng,cảm [o] giác cồn cào và nóng rát tại dạ dày [/o] là triệu chứng phổ biến của [s] bệnh [/s] lý này.,Có_triệu_chứng,Silver-Rule
Việc đo huyết áp tại nhà thường xuyên giúp người bệnh theo dõi sát sao diễn biến bệnh và hiệu quả của thuốc điều trị.,đo huyết áp,Chẩn đoán,tại nhà,Điều trị,việc [s] đo huyết áp [/s] [o] tại nhà [/o] thường xuyên giúp người bệnh theo dõi sát sao diễn biến bệnh và hiệu quả của thuốc điều trị.,No_relation,Silver-Rule
Bệnh tiểu đường tuýp 2 thường diễn biến âm thầm trong nhiều năm trước khi được phát hiện qua khám sức khỏe tổng quát.,Bệnh tiểu đường tuýp 2,Bệnh,khám sức,Chẩn đoán,[s] bệnh tiểu đường tuýp 2 [/s] thường diễn biến âm thầm trong nhiều năm trước khi được phát hiện qua [o] khám sức [/o] khỏe tổng quát.,Chẩn_đoán_bằng,Silver-Rule
Viêm dạ dày mạn tính do HP cần được điều trị bằng các loại thuốc tiêu diệt vi khuẩn này.,Viêm dạ dày mạn tính,Bệnh,thuốc tiêu diệt vi khuẩn,Điều trị,[s] viêm dạ dày mạn tính [/s] do hp cần được điều trị bằng các loại [o] thuốc tiêu diệt vi khuẩn [/o] này.,Điều_trị_bằng,Silver-Rule
Viêm dạ dày mạn tính do HP cần được điều trị bằng các loại thuốc tiêu diệt vi khuẩn này.,HP,Nguyên nhân,Viêm dạ dày mạn tính,Bệnh,[o] viêm dạ dày mạn tính [/o] do [s] hp [/s] cần được điều trị bằng các loại thuốc tiêu diệt vi khuẩn này.,Gây_ra,Silver-Rule
Viêm dạ dày mạn tính do HP cần được điều trị bằng các loại thuốc tiêu diệt vi khuẩn này.,thuốc tiêu diệt vi khuẩn,Điều trị,HP,Nguyên nhân,viêm dạ dày mạn tính do [o] hp [/o] cần được điều trị bằng các loại [s] thuốc tiêu diệt vi khuẩn [/s] này.,No_relation,Silver-Rule
Nguyên nhân thường gặp của viêm dạ dày là do lớp hàng rào bảo vệ niêm mạc bị tổn thương.,lớp hàng rào bảo vệ niêm mạc bị tổn,Nguyên nhân,viêm dạ dày,Bệnh,nguyên nhân thường gặp của [o] viêm dạ dày [/o] là do [s] lớp hàng rào bảo vệ niêm mạc bị tổn [/s] thương.,Gây_ra,Silver-Rule
Rượu và thuốc là những tác nhân chính gây ra tình trạng viêm cấp tính ở niêm mạc dạ dày.,Rượu và thuốc,Nguyên nhân,viêm cấp,Bệnh,[s] rượu và thuốc [/s] là những tác nhân chính gây ra tình trạng [o] viêm cấp [/o] tính ở niêm mạc dạ dày.,Gây_ra,Silver-Rule
Rượu và thuốc là những tác nhân chính gây ra tình trạng viêm cấp tính ở niêm mạc dạ dày.,Rượu và thuốc,Nguyên nhân,niêm mạc dạ,Bệnh,[s] rượu và thuốc [/s] là những tác nhân chính gây ra tình trạng viêm cấp tính ở [o] niêm mạc dạ [/o] dày.,Gây_ra,Silver-Rule
Sử dụng kháng sinh theo đúng phác đồ là cách chữa trị viêm dạ dày do nhiễm H.pylori.,Sử dụng kháng sinh theo đúng phác,Điều trị,nhiễm,Nguyên nhân,[s] sử dụng kháng sinh theo đúng phác [/s] đồ là cách chữa trị viêm dạ dày do [o] nhiễm [/o] h.pylori.,No_relation,Silver-Rule
Sử dụng kháng sinh theo đúng phác đồ là cách chữa trị viêm dạ dày do nhiễm H.pylori.,viêm dạ dày,Bệnh,Sử dụng kháng sinh theo đúng phác,Điều trị,[o] sử dụng kháng sinh theo đúng phác [/o] đồ là cách chữa trị [s] viêm dạ dày [/s] do nhiễm h.pylori.,Điều_trị_bằng,Silver-Rule
Sử dụng kháng sinh theo đúng phác đồ là cách chữa trị viêm dạ dày do nhiễm H.pylori.,nhiễm,Nguyên nhân,viêm dạ dày,Bệnh,sử dụng kháng sinh theo đúng phác đồ là cách chữa trị [o] viêm dạ dày [/o] do [s] nhiễm [/s] h.pylori.,Gây_ra,Silver-Rule
Bác sĩ sử dụng kỹ thuật nội soi đường tiêu hóa để chẩn đoán bệnh viêm dạ dày.,viêm,Bệnh,kỹ thuật nội soi đường tiêu,Chẩn đoán,bác sĩ sử dụng [o] kỹ thuật nội soi đường tiêu [/o] hóa để chẩn đoán bệnh [s] viêm [/s] dạ dày.,Chẩn_đoán_bằng,Silver-Rule
Phương pháp điều trị chính cho Parkinson bao gồm việc sử dụng thuốc kết hợp chặt chẽ với tập luyện phục hồi chức năng.,Parkinson,Bệnh,tập luyện phục hồi chức,Điều trị,phương pháp điều trị chính cho [s] parkinson [/s] bao gồm việc sử dụng thuốc kết hợp chặt chẽ với [o] tập luyện phục hồi chức [/o] năng.,Điều_trị_bằng,Silver-Rule
Phương pháp điều trị chính cho Parkinson bao gồm việc sử dụng thuốc kết hợp chặt chẽ với tập luyện phục hồi chức năng.,sử dụng thuốc kết hợp chặt chẽ,Điều trị,tập luyện phục hồi chức,Điều trị,phương pháp điều trị chính cho parkinson bao gồm việc [s] sử dụng thuốc kết hợp chặt chẽ [/s] với [o] tập luyện phục hồi chức [/o] năng.,No_relation,Silver-Rule
Phương pháp điều trị chính cho Parkinson bao gồm việc sử dụng thuốc kết hợp chặt chẽ với tập luyện phục hồi chức năng.,tập luyện phục hồi chức,Điều trị,sử dụng thuốc kết hợp chặt chẽ,Điều trị,phương pháp điều trị chính cho parkinson bao gồm việc [o] sử dụng thuốc kết hợp chặt chẽ [/o] với [s] tập luyện phục hồi chức [/s] năng.,No_relation,Silver-Rule
"Đối với viêm dạ dày do thiếu máu ác tính, người bệnh cần được bổ sung vitamin B12 qua đường tiêm.",thiếu máu ác,Nguyên nhân,viêm dạ dày,Bệnh,"đối với [o] viêm dạ dày [/o] do [s] thiếu máu ác [/s] tính, người bệnh cần được bổ sung vitamin b12 qua đường tiêm.",Gây_ra,Silver-Rule
Nhạy cảm quá mức với âm thanh và ánh sáng là những triệu chứng điển hình đi kèm cơn đau Migraine.,đau,Bệnh,ạy cảm quá mức với âm thanh và ánh sáng,Triệu chứng,nh[o] ạy cảm quá mức với âm thanh và ánh sáng [/o] là những triệu chứng điển hình đi kèm cơn [s] đau [/s] migraine.,Có_triệu_chứng,Silver-Rule
Uống trà xanh và sử dụng cà phê với lượng hợp lý hàng ngày được cho là có tác dụng bảo vệ hệ thần kinh.,Uống trà xanh,Điều trị,sử dụng cà phê với lượng hợp lý hàng ngày,Điều trị,[s] uống trà xanh [/s] và [o] sử dụng cà phê với lượng hợp lý hàng ngày [/o] được cho là có tác dụng bảo vệ hệ thần kinh.,No_relation,Silver-Rule
Uống trà xanh và sử dụng cà phê với lượng hợp lý hàng ngày được cho là có tác dụng bảo vệ hệ thần kinh.,sử dụng cà phê với lượng hợp lý hàng ngày,Điều trị,Uống trà xanh,Điều trị,[o] uống trà xanh [/o] và [s] sử dụng cà phê với lượng hợp lý hàng ngày [/s] được cho là có tác dụng bảo vệ hệ thần kinh.,No_relation,Silver-Rule
Biến chứng võng mạc do tiểu đường là nguyên nhân hàng đầu gây suy giảm thị lực và mù lòa ở người trưởng thành.,suy giảm thị lực,Triệu chứng,mù,Triệu chứng,biến chứng võng mạc do tiểu đường là nguyên nhân hàng đầu gây [s] suy giảm thị lực [/s] và [o] mù [/o] lòa ở người trưởng thành.,No_relation,Silver-Rule
Biến chứng võng mạc do tiểu đường là nguyên nhân hàng đầu gây suy giảm thị lực và mù lòa ở người trưởng thành.,mù,Triệu chứng,suy giảm thị lực,Triệu chứng,biến chứng võng mạc do tiểu đường là nguyên nhân hàng đầu gây [o] suy giảm thị lực [/o] và [s] mù [/s] lòa ở người trưởng thành.,No_relation,Silver-Rule
Tiêm bổ sung vitamin B12 là liệu pháp điều trị cho viêm dạ dày do thiếu máu ác tính.,Tiêm bổ sung vitamin B12,Điều trị,thiếu máu ác,Nguyên nhân,[s] tiêm bổ sung vitamin b12 [/s] là liệu pháp điều trị cho viêm dạ dày do [o] thiếu máu ác [/o] tính.,No_relation,Silver-Rule
Tiêm bổ sung vitamin B12 là liệu pháp điều trị cho viêm dạ dày do thiếu máu ác tính.,viêm dạ dày,Bệnh,Tiêm bổ sung vitamin B12,Điều trị,[o] tiêm bổ sung vitamin b12 [/o] là liệu pháp điều trị cho [s] viêm dạ dày [/s] do thiếu máu ác tính.,Điều_trị_bằng,Silver-Rule
Tiêm bổ sung vitamin B12 là liệu pháp điều trị cho viêm dạ dày do thiếu máu ác tính.,thiếu máu ác,Nguyên nhân,viêm dạ dày,Bệnh,tiêm bổ sung vitamin b12 là liệu pháp điều trị cho [o] viêm dạ dày [/o] do [s] thiếu máu ác [/s] tính.,Gây_ra,Silver-Rule
Giới tính nam và mức độ tiếp xúc với độc tố cũng là những yếu tố nguy cơ được ghi nhận của bệnh Parkinson.,Giới tính nam,Nguyên nhân,mức độ tiếp xúc với độc tố,Nguyên nhân,[s] giới tính nam [/s] và [o] mức độ tiếp xúc với độc tố [/o] cũng là những yếu tố nguy cơ được ghi nhận của bệnh parkinson.,No_relation,Silver-Rule
Giới tính nam và mức độ tiếp xúc với độc tố cũng là những yếu tố nguy cơ được ghi nhận của bệnh Parkinson.,mức độ tiếp xúc với độc tố,Nguyên nhân,Giới tính nam,Nguyên nhân,[o] giới tính nam [/o] và [s] mức độ tiếp xúc với độc tố [/s] cũng là những yếu tố nguy cơ được ghi nhận của bệnh parkinson.,No_relation,Silver-Rule
Cắt bỏ vùng tổn thương trong não là một giải pháp can thiệp ngoại khoa có thể áp dụng trong một số trường hợp cụ thể.,Cắt,Điều trị,bỏ vùng tổn thương trong não,Nguyên nhân,[s] cắt [/s] [o] bỏ vùng tổn thương trong não [/o] là một giải pháp can thiệp ngoại khoa có thể áp dụng trong một số trường hợp cụ thể.,No_relation,Silver-Rule
Cắt bỏ vùng tổn thương trong não là một giải pháp can thiệp ngoại khoa có thể áp dụng trong một số trường hợp cụ thể.,ngoại,Điều trị,bỏ vùng tổn thương trong não,Nguyên nhân,cắt [o] bỏ vùng tổn thương trong não [/o] là một giải pháp can thiệp [s] ngoại [/s] khoa có thể áp dụng trong một số trường hợp cụ thể.,No_relation,Silver-Rule
Can thiệp đặt stent mạch vành qua da giúp tái lưu thông dòng máu tại các vị trí động mạch bị tắc nghẽn nghiêm trọng.,Can thiệp đặt stent mạch vành qua da,Điều trị,nghẽn,Nguyên nhân,[s] can thiệp đặt stent mạch vành qua da [/s] giúp tái lưu thông dòng máu tại các vị trí động mạch bị tắc [o] nghẽn [/o] nghiêm trọng.,No_relation,Silver-Rule
Nguy cơ mắc ung thư dạ dày có thể tăng lên do viêm dạ dày mạn tính.,ung thư dạ dày,Bệnh,viêm dạ dày mạn,Bệnh,nguy cơ mắc [s] ung thư dạ dày [/s] có thể tăng lên do [o] viêm dạ dày mạn [/o] tính.,Gây_ra,Silver-Rule
Nguy cơ mắc ung thư dạ dày có thể tăng lên do viêm dạ dày mạn tính.,viêm dạ dày mạn,Bệnh,ung thư dạ dày,Bệnh,nguy cơ mắc [o] ung thư dạ dày [/o] có thể tăng lên do [s] viêm dạ dày mạn [/s] tính.,Gây_ra,Silver-Rule
Bệnh đau đầu Migraine đặc trưng bởi những cơn đau nhức với cường độ dữ dội và nghiêm trọng.,Bệnh đau đầu,Bệnh,độ dữ,Triệu chứng,[s] bệnh đau đầu [/s] migraine đặc trưng bởi những cơn đau nhức với cường [o] độ dữ [/o] dội và nghiêm trọng.,Có_triệu_chứng,Silver-Rule
"Nếu viêm dạ dày do nhiễm H.pylori, bệnh có thể lây truyền qua con đường ăn uống.",nhiễm,Nguyên nhân,viêm dạ dày,Bệnh,"nếu [o] viêm dạ dày [/o] do [s] nhiễm [/s] h.pylori, bệnh có thể lây truyền qua con đường ăn uống.",Gây_ra,Silver-Rule
Giảm cân khoa học ở người béo phì giúp cải thiện độ nhạy của insulin và hỗ trợ kiểm soát bệnh tiểu đường tuýp 2 tốt hơn.,Giảm cân khoa học,Điều trị,phì,Nguyên nhân,[s] giảm cân khoa học [/s] ở người béo [o] phì [/o] giúp cải thiện độ nhạy của insulin và hỗ trợ kiểm soát bệnh tiểu đường tuýp 2 tốt hơn.,No_relation,Silver-Rule
Người bệnh mạch vành cần tuân thủ chế độ ăn giảm mặn và hạn chế tối đa chất béo bão hòa để bảo vệ sức khỏe tim mạch.,chế độ ăn giảm mặn,Điều trị,hạn chế tối đa chất béo,Điều trị,người bệnh mạch vành cần tuân thủ [s] chế độ ăn giảm mặn [/s] và [o] hạn chế tối đa chất béo [/o] bão hòa để bảo vệ sức khỏe tim mạch.,No_relation,Silver-Rule
Người bệnh mạch vành cần tuân thủ chế độ ăn giảm mặn và hạn chế tối đa chất béo bão hòa để bảo vệ sức khỏe tim mạch.,hạn chế tối đa chất béo,Điều trị,chế độ ăn giảm mặn,Điều trị,người bệnh mạch vành cần tuân thủ [o] chế độ ăn giảm mặn [/o] và [s] hạn chế tối đa chất béo [/s] bão hòa để bảo vệ sức khỏe tim mạch.,No_relation,Silver-Rule
Người bệnh viêm dạ dày thường trải qua cảm giác nóng rát và cồn cào trong bụng.,cảm giác nóng rát,Triệu chứng,cồn cào trong,Triệu chứng,người bệnh viêm dạ dày thường trải qua [s] cảm giác nóng rát [/s] và [o] cồn cào trong [/o] bụng.,No_relation,Silver-Rule
Người bệnh viêm dạ dày thường trải qua cảm giác nóng rát và cồn cào trong bụng.,cồn cào trong,Triệu chứng,cảm giác nóng rát,Triệu chứng,người bệnh viêm dạ dày thường trải qua [o] cảm giác nóng rát [/o] và [s] cồn cào trong [/s] bụng.,No_relation,Silver-Rule
Việc ngưng uống rượu và dừng thuốc NSAID là cách điều trị cho trường hợp viêm dạ dày cấp do các nguyên nhân này.,ngưng,Điều trị,uống rượu,Nguyên nhân,việc [s] ngưng [/s] [o] uống rượu [/o] và dừng thuốc nsaid là cách điều trị cho trường hợp viêm dạ dày cấp do các nguyên nhân này.,No_relation,Silver-Rule
Việc ngưng uống rượu và dừng thuốc NSAID là cách điều trị cho trường hợp viêm dạ dày cấp do các nguyên nhân này.,dừng thuốc,Điều trị,uống rượu,Nguyên nhân,việc ngưng [o] uống rượu [/o] và [s] dừng thuốc [/s] nsaid là cách điều trị cho trường hợp viêm dạ dày cấp do các nguyên nhân này.,No_relation,Silver-Rule
Việc ngưng uống rượu và dừng thuốc NSAID là cách điều trị cho trường hợp viêm dạ dày cấp do các nguyên nhân này.,dạ dày,Bệnh,ngưng,Điều trị,việc [o] ngưng [/o] uống rượu và dừng thuốc nsaid là cách điều trị cho trường hợp viêm [s] dạ dày [/s] cấp do các nguyên nhân này.,Điều_trị_bằng,Silver-Rule
Việc ngưng uống rượu và dừng thuốc NSAID là cách điều trị cho trường hợp viêm dạ dày cấp do các nguyên nhân này.,dạ dày,Bệnh,dừng thuốc,Điều trị,việc ngưng uống rượu và [o] dừng thuốc [/o] nsaid là cách điều trị cho trường hợp viêm [s] dạ dày [/s] cấp do các nguyên nhân này.,Điều_trị_bằng,Silver-Rule
"Viêm dạ dày tự miễn có thể do các bệnh lý như thiếu vitamin B12, Hashimoto hoặc tiểu đường type 1 gây ra.",bệnh lý,Nguyên nhân,Viêm dạ dày tự miễn,Bệnh,"[o] viêm dạ dày tự miễn [/o] có thể do các [s] bệnh lý [/s] như thiếu vitamin b12, hashimoto hoặc tiểu đường type 1 gây ra.",Gây_ra,Silver-Rule
"Viêm dạ dày tự miễn có thể do các bệnh lý như thiếu vitamin B12, Hashimoto hoặc tiểu đường type 1 gây ra.",thiếu vitamin,Nguyên nhân,Viêm dạ dày tự miễn,Bệnh,"[o] viêm dạ dày tự miễn [/o] có thể do các bệnh lý như [s] thiếu vitamin [/s] b12, hashimoto hoặc tiểu đường type 1 gây ra.",Gây_ra,Silver-Rule
Phác đồ điều trị thường kết hợp giữa thuốc giảm đau và thuốc chống nôn để mang lại hiệu quả tốt nhất.,thuốc giảm đau,Điều trị,thuốc chống nôn,Điều trị,phác đồ điều trị thường kết hợp giữa [s] thuốc giảm đau [/s] và [o] thuốc chống nôn [/o] để mang lại hiệu quả tốt nhất.,No_relation,Silver-Rule
Phác đồ điều trị thường kết hợp giữa thuốc giảm đau và thuốc chống nôn để mang lại hiệu quả tốt nhất.,thuốc chống nôn,Điều trị,thuốc giảm đau,Điều trị,phác đồ điều trị thường kết hợp giữa [o] thuốc giảm đau [/o] và [s] thuốc chống nôn [/s] để mang lại hiệu quả tốt nhất.,No_relation,Silver-Rule
"Các yếu tố như thuốc giảm đau kháng viêm, rượu, vi khuẩn HP, căng thẳng, chấn thương nặng hay nhiễm khuẩn huyết đều có thể gây viêm dạ dày cấp.",giảm đau kháng,Điều trị,thuốc,Nguyên nhân,"các yếu tố như [o] thuốc [/o] [s] giảm đau kháng [/s] viêm, rượu, vi khuẩn hp, căng thẳng, chấn thương nặng hay nhiễm khuẩn huyết đều có thể gây viêm dạ dày cấp.",No_relation,Silver-Rule
Hầu hết các ca viêm dạ dày đều do nguyên nhân nhiễm vi khuẩn Helicobacter pylori.,nhiễm,Nguyên nhân,viêm dạ dày,Bệnh,hầu hết các ca [o] viêm dạ dày [/o] đều do nguyên nhân [s] nhiễm [/s] vi khuẩn helicobacter pylori.,Gây_ra,Silver-Rule
Hầu hết các ca viêm dạ dày đều do nguyên nhân nhiễm vi khuẩn Helicobacter pylori.,vi khuẩn,Nguyên nhân,viêm dạ dày,Bệnh,hầu hết các ca [o] viêm dạ dày [/o] đều do nguyên nhân nhiễm [s] vi khuẩn [/s] helicobacter pylori.,Gây_ra,Silver-Rule
"Mặc dù không quá nguy hiểm, viêm dạ dày cấp vẫn có tiềm năng gây biến chứng xuất huyết tiêu hóa.",dạ dày,Bệnh,xuất huyết tiêu,Bệnh,"mặc dù không quá nguy hiểm, viêm [s] dạ dày [/s] cấp vẫn có tiềm năng gây biến chứng [o] xuất huyết tiêu [/o] hóa.",Gây_ra,Silver-Rule
"Mặc dù không quá nguy hiểm, viêm dạ dày cấp vẫn có tiềm năng gây biến chứng xuất huyết tiêu hóa.",xuất huyết tiêu,Bệnh,dạ dày,Bệnh,"mặc dù không quá nguy hiểm, viêm [o] dạ dày [/o] cấp vẫn có tiềm năng gây biến chứng [s] xuất huyết tiêu [/s] hóa.",Gây_ra,Silver-Rule
Bệnh nhân có thể biểu hiện tính khí thất thường cùng với những thay đổi đáng kể trong thói quen sinh hoạt hàng ngày.,Bệnh nhân,Bệnh,tính khí thất thường,Triệu chứng,[s] bệnh nhân [/s] có thể biểu hiện [o] tính khí thất thường [/o] cùng với những thay đổi đáng kể trong thói quen sinh hoạt hàng ngày.,Có_triệu_chứng,Silver-Rule
Bệnh nhân có thể biểu hiện tính khí thất thường cùng với những thay đổi đáng kể trong thói quen sinh hoạt hàng ngày.,Bệnh nhân,Bệnh,thay đổi,Triệu chứng,[s] bệnh nhân [/s] có thể biểu hiện tính khí thất thường cùng với những [o] thay đổi [/o] đáng kể trong thói quen sinh hoạt hàng ngày.,Có_triệu_chứng,Silver-Rule
Bệnh nhân có thể biểu hiện tính khí thất thường cùng với những thay đổi đáng kể trong thói quen sinh hoạt hàng ngày.,Bệnh nhân,Bệnh,thói quen sinh hoạt,Triệu chứng,[s] bệnh nhân [/s] có thể biểu hiện tính khí thất thường cùng với những thay đổi đáng kể trong [o] thói quen sinh hoạt [/o] hàng ngày.,Có_triệu_chứng,Silver-Rule
"Chữ viết nhỏ dần và giọng nói trở nên đơn điệu, thầm thì là những triệu chứng thường gặp ở bệnh nhân Parkinson.",Chữ viết nhỏ dần,Triệu chứng,giọng nói trở nên đơn,Triệu chứng,"[s] chữ viết nhỏ dần [/s] và [o] giọng nói trở nên đơn [/o] điệu, thầm thì là những triệu chứng thường gặp ở bệnh nhân parkinson.",No_relation,Silver-Rule
"Chữ viết nhỏ dần và giọng nói trở nên đơn điệu, thầm thì là những triệu chứng thường gặp ở bệnh nhân Parkinson.",giọng nói trở nên đơn,Triệu chứng,Chữ viết nhỏ dần,Triệu chứng,"[o] chữ viết nhỏ dần [/o] và [s] giọng nói trở nên đơn [/s] điệu, thầm thì là những triệu chứng thường gặp ở bệnh nhân parkinson.",No_relation,Silver-Rule
Bệnh Parkinson có thể khởi phát do sự tương tác phức tạp giữa các biến đổi gen và tác động từ môi trường bên ngoài.,tác phức tạp,Nguyên nhân,Parkinson,Bệnh,bệnh [o] parkinson [/o] có thể khởi phát do sự tương [s] tác phức tạp [/s] giữa các biến đổi gen và tác động từ môi trường bên ngoài.,Gây_ra,Silver-Rule
Bệnh Parkinson có thể khởi phát do sự tương tác phức tạp giữa các biến đổi gen và tác động từ môi trường bên ngoài.,biến đổi gen,Nguyên nhân,Parkinson,Bệnh,bệnh [o] parkinson [/o] có thể khởi phát do sự tương tác phức tạp giữa các [s] biến đổi gen [/s] và tác động từ môi trường bên ngoài.,Gây_ra,Silver-Rule
Bệnh Parkinson có thể khởi phát do sự tương tác phức tạp giữa các biến đổi gen và tác động từ môi trường bên ngoài.,biến đổi gen,Nguyên nhân,tác động,Nguyên nhân,bệnh parkinson có thể khởi phát do sự tương tác phức tạp giữa các [s] biến đổi gen [/s] và [o] tác động [/o] từ môi trường bên ngoài.,No_relation,Silver-Rule
Bệnh Parkinson có thể khởi phát do sự tương tác phức tạp giữa các biến đổi gen và tác động từ môi trường bên ngoài.,tác động,Nguyên nhân,Parkinson,Bệnh,bệnh [o] parkinson [/o] có thể khởi phát do sự tương tác phức tạp giữa các biến đổi gen và [s] tác động [/s] từ môi trường bên ngoài.,Gây_ra,Silver-Rule
Bệnh Parkinson có thể khởi phát do sự tương tác phức tạp giữa các biến đổi gen và tác động từ môi trường bên ngoài.,tác động,Nguyên nhân,biến đổi gen,Nguyên nhân,bệnh parkinson có thể khởi phát do sự tương tác phức tạp giữa các [o] biến đổi gen [/o] và [s] tác động [/s] từ môi trường bên ngoài.,No_relation,Silver-Rule
"Điều trị nội khoa cho viêm dạ dày bao gồm việc sử dụng kháng sinh, thuốc trung hòa axit và thuốc ức chế bơm proton.",nội khoa,Điều trị,viêm dạ dày,Bệnh,"điều trị [s] nội khoa [/s] cho [o] viêm dạ dày [/o] bao gồm việc sử dụng kháng sinh, thuốc trung hòa axit và thuốc ức chế bơm proton.",Điều_trị_bằng,Silver-Model
"Điều trị nội khoa cho viêm dạ dày bao gồm việc sử dụng kháng sinh, thuốc trung hòa axit và thuốc ức chế bơm proton.",nội khoa,Điều trị,sử dụng kháng,Điều trị,"điều trị [s] nội khoa [/s] cho viêm dạ dày bao gồm việc [o] sử dụng kháng [/o] sinh, thuốc trung hòa axit và thuốc ức chế bơm proton.",Điều_trị_bằng,Silver-Model
"Điều trị nội khoa cho viêm dạ dày bao gồm việc sử dụng kháng sinh, thuốc trung hòa axit và thuốc ức chế bơm proton.",viêm dạ dày,Bệnh,nội khoa,Điều trị,"điều trị [o] nội khoa [/o] cho [s] viêm dạ dày [/s] bao gồm việc sử dụng kháng sinh, thuốc trung hòa axit và thuốc ức chế bơm proton.",Điều_trị_bằng,Silver-Model
"Điều trị nội khoa cho viêm dạ dày bao gồm việc sử dụng kháng sinh, thuốc trung hòa axit và thuốc ức chế bơm proton.",viêm dạ dày,Bệnh,sử dụng kháng,Điều trị,"điều trị nội khoa cho [s] viêm dạ dày [/s] bao gồm việc [o] sử dụng kháng [/o] sinh, thuốc trung hòa axit và thuốc ức chế bơm proton.",Điều_trị_bằng,Silver-Model
"Điều trị nội khoa cho viêm dạ dày bao gồm việc sử dụng kháng sinh, thuốc trung hòa axit và thuốc ức chế bơm proton.",sử dụng kháng,Điều trị,nội khoa,Điều trị,"điều trị [o] nội khoa [/o] cho viêm dạ dày bao gồm việc [s] sử dụng kháng [/s] sinh, thuốc trung hòa axit và thuốc ức chế bơm proton.",Điều_trị_bằng,Silver-Model
"Điều trị nội khoa cho viêm dạ dày bao gồm việc sử dụng kháng sinh, thuốc trung hòa axit và thuốc ức chế bơm proton.",sử dụng kháng,Điều trị,viêm dạ dày,Bệnh,"điều trị nội khoa cho [o] viêm dạ dày [/o] bao gồm việc [s] sử dụng kháng [/s] sinh, thuốc trung hòa axit và thuốc ức chế bơm proton.",Điều_trị_bằng,Silver-Model
Kê gối cao đầu khi nằm nghỉ là một mẹo nhỏ giúp giảm bớt sự khó chịu trong cơn đau Migraine.,khó chịu,Triệu chứng,Kê gối cao đầu khi,Điều trị,[o] kê gối cao đầu khi [/o] nằm nghỉ là một mẹo nhỏ giúp giảm bớt sự [s] khó chịu [/s] trong cơn đau migraine.,No_relation,Silver-Rule
Kê gối cao đầu khi nằm nghỉ là một mẹo nhỏ giúp giảm bớt sự khó chịu trong cơn đau Migraine.,khó chịu,Triệu chứng,nghỉ,Điều trị,kê gối cao đầu khi nằm [o] nghỉ [/o] là một mẹo nhỏ giúp giảm bớt sự [s] khó chịu [/s] trong cơn đau migraine.,No_relation,Silver-Rule
Sử dụng thuốc diệt khuẩn HP là phương pháp điều trị cho viêm dạ dày mạn do nhiễm HP.,Sử dụng thuốc diệt khuẩn HP,Điều trị,nhiễm,Nguyên nhân,[s] sử dụng thuốc diệt khuẩn hp [/s] là phương pháp điều trị cho viêm dạ dày mạn do [o] nhiễm [/o] hp.,No_relation,Silver-Rule
Sử dụng thuốc diệt khuẩn HP là phương pháp điều trị cho viêm dạ dày mạn do nhiễm HP.,viêm dạ dày mạn,Bệnh,Sử dụng thuốc diệt khuẩn HP,Điều trị,[o] sử dụng thuốc diệt khuẩn hp [/o] là phương pháp điều trị cho [s] viêm dạ dày mạn [/s] do nhiễm hp.,Điều_trị_bằng,Silver-Rule
Sử dụng thuốc diệt khuẩn HP là phương pháp điều trị cho viêm dạ dày mạn do nhiễm HP.,nhiễm,Nguyên nhân,viêm dạ dày mạn,Bệnh,sử dụng thuốc diệt khuẩn hp là phương pháp điều trị cho [o] viêm dạ dày mạn [/o] do [s] nhiễm [/s] hp.,Gây_ra,Silver-Rule
Việc chẩn đoán sớm Migraine giúp ngăn chặn các biến chứng tim mạch và thần kinh nghiêm trọng về sau.,và thần kinh,Triệu chứng,chẩn,Điều trị,việc [o] chẩn [/o] đoán sớm migraine giúp ngăn chặn các biến chứng tim mạch [s] và thần kinh [/s] nghiêm trọng về sau.,No_relation,Silver-Rule
Đột tử do rối loạn nhịp tim là một trong những biến chứng nguy hiểm nhất mà bệnh nhân mạch vành phải đối mặt.,tử,Nguyên nhân,bệnh nhân mạch vành,Bệnh,đột [s] tử [/s] do rối loạn nhịp tim là một trong những biến chứng nguy hiểm nhất mà [o] bệnh nhân mạch vành [/o] phải đối mặt.,Gây_ra,Silver-Rule
Đột tử do rối loạn nhịp tim là một trong những biến chứng nguy hiểm nhất mà bệnh nhân mạch vành phải đối mặt.,rối loạn nhịp tim,Nguyên nhân,bệnh nhân mạch vành,Bệnh,đột tử do [s] rối loạn nhịp tim [/s] là một trong những biến chứng nguy hiểm nhất mà [o] bệnh nhân mạch vành [/o] phải đối mặt.,Gây_ra,Silver-Rule
"Để trung hòa axit trong điều trị viêm dạ dày, có thể sử dụng các thuốc kháng axit thành phần muối nhôm.",viêm dạ,Bệnh,trung,Điều trị,"để [o] trung [/o] hòa axit trong điều trị [s] viêm dạ [/s] dày, có thể sử dụng các thuốc kháng axit thành phần muối nhôm.",Điều_trị_bằng,Silver-Rule
"Để trung hòa axit trong điều trị viêm dạ dày, có thể sử dụng các thuốc kháng axit thành phần muối nhôm.",viêm dạ,Bệnh,axit,Điều trị,"để trung hòa [o] axit [/o] trong điều trị [s] viêm dạ [/s] dày, có thể sử dụng các thuốc kháng axit thành phần muối nhôm.",Điều_trị_bằng,Silver-Rule
Viêm phổi hít là một biến chứng nguy hiểm do tình trạng khó nuốt và rối loạn vận động thực quản gây ra.,nuốt,Nguyên nhân,Viêm phổi hít,Bệnh,[o] viêm phổi hít [/o] là một biến chứng nguy hiểm do tình trạng khó [s] nuốt [/s] và rối loạn vận động thực quản gây ra.,Gây_ra,Silver-Rule
Viêm phổi hít là một biến chứng nguy hiểm do tình trạng khó nuốt và rối loạn vận động thực quản gây ra.,nuốt,Nguyên nhân,rối loạn vận động thực quản,Nguyên nhân,viêm phổi hít là một biến chứng nguy hiểm do tình trạng khó [s] nuốt [/s] và [o] rối loạn vận động thực quản [/o] gây ra.,No_relation,Silver-Rule
Viêm phổi hít là một biến chứng nguy hiểm do tình trạng khó nuốt và rối loạn vận động thực quản gây ra.,rối loạn vận động thực quản,Nguyên nhân,Viêm phổi hít,Bệnh,[o] viêm phổi hít [/o] là một biến chứng nguy hiểm do tình trạng khó nuốt và [s] rối loạn vận động thực quản [/s] gây ra.,Gây_ra,Silver-Rule
Viêm phổi hít là một biến chứng nguy hiểm do tình trạng khó nuốt và rối loạn vận động thực quản gây ra.,rối loạn vận động thực quản,Nguyên nhân,nuốt,Nguyên nhân,viêm phổi hít là một biến chứng nguy hiểm do tình trạng khó [o] nuốt [/o] và [s] rối loạn vận động thực quản [/s] gây ra.,No_relation,Silver-Rule
Kiểm soát chặt chẽ chỉ số cholesterol và huyết áp là chìa khóa vàng để phòng ngừa biến chứng nhồi máu cơ tim.,Kiểm soát chặt chẽ,Điều trị,chỉ số cholesterol và huyết áp,Nguyên nhân,[s] kiểm soát chặt chẽ [/s] [o] chỉ số cholesterol và huyết áp [/o] là chìa khóa vàng để phòng ngừa biến chứng nhồi máu cơ tim.,No_relation,Silver-Rule
Kiểm soát chặt chẽ chỉ số cholesterol và huyết áp là chìa khóa vàng để phòng ngừa biến chứng nhồi máu cơ tim.,chỉ số cholesterol và huyết áp,Nguyên nhân,nhồi,Bệnh,kiểm soát chặt chẽ [s] chỉ số cholesterol và huyết áp [/s] là chìa khóa vàng để phòng ngừa biến chứng [o] nhồi [/o] máu cơ tim.,Gây_ra,Silver-Rule
Dấu hiệu chữ viết nhỏ dần và khó đọc thường xuất hiện sớm trước khi các triệu chứng run của bệnh Parkinson trở nên rõ rệt.,Parkinson,Bệnh,Dấu hiệu chữ viết nhỏ dần và khó đọc,Triệu chứng,[o] dấu hiệu chữ viết nhỏ dần và khó đọc [/o] thường xuất hiện sớm trước khi các triệu chứng run của bệnh [s] parkinson [/s] trở nên rõ rệt.,Có_triệu_chứng,Silver-Rule
"Viêm dạ dày cấp do nhiều nguyên nhân như dùng Aspirin, NSAIDS, uống rượu, nhiễm khuẩn HP, stress, chấn thương, bỏng hoặc nhiễm khuẩn huyết.",dùng,Nguyên nhân,Viêm dạ dày cấp,Bệnh,"[o] viêm dạ dày cấp [/o] do nhiều nguyên nhân như [s] dùng [/s] aspirin, nsaids, uống rượu, nhiễm khuẩn hp, stress, chấn thương, bỏng hoặc nhiễm khuẩn huyết.",Gây_ra,Silver-Rule
Cơ chế gây đau bao gồm sự giãn nở mạch máu não và rối loạn chức năng não bộ giải phóng Serotonin và Dopamin.,giãn nở mạch máu não,Nguyên nhân,rối loạn chức năng não,Nguyên nhân,cơ chế gây đau bao gồm sự [s] giãn nở mạch máu não [/s] và [o] rối loạn chức năng não [/o] bộ giải phóng serotonin và dopamin.,No_relation,Silver-Rule
Cơ chế gây đau bao gồm sự giãn nở mạch máu não và rối loạn chức năng não bộ giải phóng Serotonin và Dopamin.,rối loạn chức năng não,Nguyên nhân,giãn nở mạch máu não,Nguyên nhân,cơ chế gây đau bao gồm sự [o] giãn nở mạch máu não [/o] và [s] rối loạn chức năng não [/s] bộ giải phóng serotonin và dopamin.,No_relation,Silver-Rule
"Người bị viêm dạ dày thường cảm thấy nóng và đau ở vùng thượng vị, kèm theo ợ hơi, ợ chua, thậm chí xuất huyết dạ dày trong các ca bệnh nặng.",viêm dạ dày,Bệnh,nóng và đau ở vùng thượng,Triệu chứng,"người bị [s] viêm dạ dày [/s] thường cảm thấy [o] nóng và đau ở vùng thượng [/o] vị, kèm theo ợ hơi, ợ chua, thậm chí xuất huyết dạ dày trong các ca bệnh nặng.",Có_triệu_chứng,Silver-Rule
"Viêm dạ dày cấp chủ yếu biểu hiện qua các cơn đau thượng vị, làm ảnh hưởng đến việc ăn uống của người bệnh.",Viêm dạ dày cấp,Bệnh,cơn đau thượng,Triệu chứng,"[s] viêm dạ dày cấp [/s] chủ yếu biểu hiện qua các [o] cơn đau thượng [/o] vị, làm ảnh hưởng đến việc ăn uống của người bệnh.",Có_triệu_chứng,Silver-Rule
Thuốc kháng sinh là phương pháp điều trị chính cho bệnh viêm dạ dày do vi khuẩn HP.,Thuốc kháng sinh,Điều trị,vi khuẩn,Nguyên nhân,[s] thuốc kháng sinh [/s] là phương pháp điều trị chính cho bệnh viêm dạ dày do [o] vi khuẩn [/o] hp.,No_relation,Silver-Rule
Thuốc kháng sinh là phương pháp điều trị chính cho bệnh viêm dạ dày do vi khuẩn HP.,viêm dạ dày,Bệnh,Thuốc kháng sinh,Điều trị,[o] thuốc kháng sinh [/o] là phương pháp điều trị chính cho bệnh [s] viêm dạ dày [/s] do vi khuẩn hp.,Điều_trị_bằng,Silver-Rule
Thuốc kháng sinh là phương pháp điều trị chính cho bệnh viêm dạ dày do vi khuẩn HP.,vi khuẩn,Nguyên nhân,viêm dạ dày,Bệnh,thuốc kháng sinh là phương pháp điều trị chính cho bệnh [o] viêm dạ dày [/o] do [s] vi khuẩn [/s] hp.,Gây_ra,Silver-Rule
"Thuốc chẹn H2 như Famotidine, Cimetidine hay Nizatidine được dùng để điều trị viêm dạ dày do tăng tiết axit.",dày,Bệnh,Thuốc chẹn H2,Điều trị,"[o] thuốc chẹn h2 [/o] như famotidine, cimetidine hay nizatidine được dùng để điều trị viêm dạ [s] dày [/s] do tăng tiết axit.",Điều_trị_bằng,Silver-Rule
Viêm dạ dày cấp là tình trạng viêm nhiễm đột ngột do nhiều yếu tố như tác dụng phụ của thuốc hoặc uống rượu.,tác dụng phụ,Nguyên nhân,Viêm dạ dày cấp,Bệnh,[o] viêm dạ dày cấp [/o] là tình trạng viêm nhiễm đột ngột do nhiều yếu tố như [s] tác dụng phụ [/s] của thuốc hoặc uống rượu.,Gây_ra,Silver-Rule
Viêm dạ dày cấp là tình trạng viêm nhiễm đột ngột do nhiều yếu tố như tác dụng phụ của thuốc hoặc uống rượu.,thuốc,Nguyên nhân,Viêm dạ dày cấp,Bệnh,[o] viêm dạ dày cấp [/o] là tình trạng viêm nhiễm đột ngột do nhiều yếu tố như tác dụng phụ của [s] thuốc [/s] hoặc uống rượu.,Gây_ra,Silver-Rule
Viêm dạ dày cấp là tình trạng viêm nhiễm đột ngột do nhiều yếu tố như tác dụng phụ của thuốc hoặc uống rượu.,thuốc,Nguyên nhân,uống,Nguyên nhân,viêm dạ dày cấp là tình trạng viêm nhiễm đột ngột do nhiều yếu tố như tác dụng phụ của [s] thuốc [/s] hoặc [o] uống [/o] rượu.,No_relation,Silver-Rule
Viêm dạ dày cấp là tình trạng viêm nhiễm đột ngột do nhiều yếu tố như tác dụng phụ của thuốc hoặc uống rượu.,uống,Nguyên nhân,Viêm dạ dày cấp,Bệnh,[o] viêm dạ dày cấp [/o] là tình trạng viêm nhiễm đột ngột do nhiều yếu tố như tác dụng phụ của thuốc hoặc [s] uống [/s] rượu.,Gây_ra,Silver-Rule
Viêm dạ dày cấp là tình trạng viêm nhiễm đột ngột do nhiều yếu tố như tác dụng phụ của thuốc hoặc uống rượu.,uống,Nguyên nhân,thuốc,Nguyên nhân,viêm dạ dày cấp là tình trạng viêm nhiễm đột ngột do nhiều yếu tố như tác dụng phụ của [o] thuốc [/o] hoặc [s] uống [/s] rượu.,No_relation,Silver-Rule
"Khi bị viêm dạ dày do nhiễm khuẩn HP, bệnh nhân cần được điều trị bằng kháng sinh.",viêm dạ dày,Bệnh,kháng,Điều trị,"khi bị [s] viêm dạ dày [/s] do nhiễm khuẩn hp, bệnh nhân cần được điều trị bằng [o] kháng [/o] sinh.",Điều_trị_bằng,Silver-Rule
"Khi bị viêm dạ dày do nhiễm khuẩn HP, bệnh nhân cần được điều trị bằng kháng sinh.",nhiễm khuẩn,Nguyên nhân,viêm dạ dày,Bệnh,"khi bị [o] viêm dạ dày [/o] do [s] nhiễm khuẩn [/s] hp, bệnh nhân cần được điều trị bằng kháng sinh.",Gây_ra,Silver-Rule
"Khi bị viêm dạ dày do nhiễm khuẩn HP, bệnh nhân cần được điều trị bằng kháng sinh.",kháng,Điều trị,nhiễm khuẩn,Nguyên nhân,"khi bị viêm dạ dày do [o] nhiễm khuẩn [/o] hp, bệnh nhân cần được điều trị bằng [s] kháng [/s] sinh.",No_relation,Silver-Rule
Trầm cảm và lo âu là những vấn đề tâm lý thường đi kèm với các triệu chứng vận động của bệnh.,Trầm cảm,Bệnh,lo,Bệnh,[s] trầm cảm [/s] và [o] lo [/o] âu là những vấn đề tâm lý thường đi kèm với các triệu chứng vận động của bệnh.,No_relation,Silver-Rule
Trầm cảm và lo âu là những vấn đề tâm lý thường đi kèm với các triệu chứng vận động của bệnh.,lo,Bệnh,Trầm cảm,Bệnh,[o] trầm cảm [/o] và [s] lo [/s] âu là những vấn đề tâm lý thường đi kèm với các triệu chứng vận động của bệnh.,No_relation,Silver-Rule
"Viêm dạ dày mạn thường do vi khuẩn HP, ngoài ra còn có thể do bệnh Crohn hoặc yếu tố tự miễn nhưng hiếm hơn.",vi khuẩn,Nguyên nhân,Viêm dạ dày mạn,Bệnh,"[o] viêm dạ dày mạn [/o] thường do [s] vi khuẩn [/s] hp, ngoài ra còn có thể do bệnh crohn hoặc yếu tố tự miễn nhưng hiếm hơn.",Gây_ra,Silver-Rule
Chế độ ăn hạn chế tinh bột tinh chế và đường ngọt giúp kiểm soát đường huyết hiệu quả cho người bệnh tiểu đường tuýp 2.,Chế độ ăn hạn chế tinh bột tinh chế,Điều trị,đường ngọt,Điều trị,[s] chế độ ăn hạn chế tinh bột tinh chế [/s] và [o] đường ngọt [/o] giúp kiểm soát đường huyết hiệu quả cho người bệnh tiểu đường tuýp 2.,No_relation,Silver-Rule
Chế độ ăn hạn chế tinh bột tinh chế và đường ngọt giúp kiểm soát đường huyết hiệu quả cho người bệnh tiểu đường tuýp 2.,đường ngọt,Điều trị,Chế độ ăn hạn chế tinh bột tinh chế,Điều trị,[o] chế độ ăn hạn chế tinh bột tinh chế [/o] và [s] đường ngọt [/s] giúp kiểm soát đường huyết hiệu quả cho người bệnh tiểu đường tuýp 2.,No_relation,Silver-Rule
Parkinson thứ phát có thể hình thành sau chấn thương sọ não hoặc do tác dụng phụ của một số loại thuốc.,tác dụng phụ,Nguyên nhân,Parkinson,Bệnh,[o] parkinson [/o] thứ phát có thể hình thành sau chấn thương sọ não hoặc do [s] tác dụng phụ [/s] của một số loại thuốc.,Gây_ra,Silver-Rule
Cứng khớp và cử động chậm lại là những dấu hiệu cảnh báo sớm quan trọng của bệnh lý này.,bệnh lý,Bệnh,ứng khớp và cử động chậm lại,Triệu chứng,c[o] ứng khớp và cử động chậm lại [/o] là những dấu hiệu cảnh báo sớm quan trọng của [s] bệnh lý [/s] này.,Có_triệu_chứng,Silver-Rule
Tuổi tác cao và yếu tố di truyền là những nguyên nhân chính dẫn đến sự khởi phát của bệnh Parkinson.,Tuổi tác cao,Nguyên nhân,yếu tố di truyền,Nguyên nhân,[s] tuổi tác cao [/s] và [o] yếu tố di truyền [/o] là những nguyên nhân chính dẫn đến sự khởi phát của bệnh parkinson.,No_relation,Silver-Rule
Tuổi tác cao và yếu tố di truyền là những nguyên nhân chính dẫn đến sự khởi phát của bệnh Parkinson.,Tuổi tác cao,Nguyên nhân,bệnh,Bệnh,[s] tuổi tác cao [/s] và yếu tố di truyền là những nguyên nhân chính dẫn đến sự khởi phát của [o] bệnh [/o] parkinson.,Gây_ra,Silver-Rule
Tuổi tác cao và yếu tố di truyền là những nguyên nhân chính dẫn đến sự khởi phát của bệnh Parkinson.,yếu tố di truyền,Nguyên nhân,Tuổi tác cao,Nguyên nhân,[o] tuổi tác cao [/o] và [s] yếu tố di truyền [/s] là những nguyên nhân chính dẫn đến sự khởi phát của bệnh parkinson.,No_relation,Silver-Rule
Tuổi tác cao và yếu tố di truyền là những nguyên nhân chính dẫn đến sự khởi phát của bệnh Parkinson.,yếu tố di truyền,Nguyên nhân,bệnh,Bệnh,tuổi tác cao và [s] yếu tố di truyền [/s] là những nguyên nhân chính dẫn đến sự khởi phát của [o] bệnh [/o] parkinson.,Gây_ra,Silver-Rule
Tình trạng khó thở khi leo cầu thang hoặc gắng sức nhẹ có thể là biểu hiện của suy tim do hậu quả bệnh mạch vành.,khó thở khi leo cầu thang,Triệu chứng,gắng sức nhẹ,Triệu chứng,tình trạng [s] khó thở khi leo cầu thang [/s] hoặc [o] gắng sức nhẹ [/o] có thể là biểu hiện của suy tim do hậu quả bệnh mạch vành.,No_relation,Silver-Rule
Tình trạng khó thở khi leo cầu thang hoặc gắng sức nhẹ có thể là biểu hiện của suy tim do hậu quả bệnh mạch vành.,gắng sức nhẹ,Triệu chứng,khó thở khi leo cầu thang,Triệu chứng,tình trạng [o] khó thở khi leo cầu thang [/o] hoặc [s] gắng sức nhẹ [/s] có thể là biểu hiện của suy tim do hậu quả bệnh mạch vành.,No_relation,Silver-Rule
Tình trạng khó thở khi leo cầu thang hoặc gắng sức nhẹ có thể là biểu hiện của suy tim do hậu quả bệnh mạch vành.,suy tim,Bệnh,khó thở khi leo cầu thang,Triệu chứng,tình trạng [o] khó thở khi leo cầu thang [/o] hoặc gắng sức nhẹ có thể là biểu hiện của [s] suy tim [/s] do hậu quả bệnh mạch vành.,Có_triệu_chứng,Silver-Rule
Tình trạng khó thở khi leo cầu thang hoặc gắng sức nhẹ có thể là biểu hiện của suy tim do hậu quả bệnh mạch vành.,suy tim,Bệnh,gắng sức nhẹ,Triệu chứng,tình trạng khó thở khi leo cầu thang hoặc [o] gắng sức nhẹ [/o] có thể là biểu hiện của [s] suy tim [/s] do hậu quả bệnh mạch vành.,Có_triệu_chứng,Silver-Rule
Tình trạng khó thở khi leo cầu thang hoặc gắng sức nhẹ có thể là biểu hiện của suy tim do hậu quả bệnh mạch vành.,suy tim,Bệnh,bệnh mạch,Bệnh,tình trạng khó thở khi leo cầu thang hoặc gắng sức nhẹ có thể là biểu hiện của [s] suy tim [/s] do hậu quả [o] bệnh mạch [/o] vành.,Gây_ra,Silver-Rule
Tình trạng khó thở khi leo cầu thang hoặc gắng sức nhẹ có thể là biểu hiện của suy tim do hậu quả bệnh mạch vành.,bệnh mạch,Bệnh,khó thở khi leo cầu thang,Triệu chứng,tình trạng [o] khó thở khi leo cầu thang [/o] hoặc gắng sức nhẹ có thể là biểu hiện của suy tim do hậu quả [s] bệnh mạch [/s] vành.,Có_triệu_chứng,Silver-Rule
Tình trạng khó thở khi leo cầu thang hoặc gắng sức nhẹ có thể là biểu hiện của suy tim do hậu quả bệnh mạch vành.,bệnh mạch,Bệnh,gắng sức nhẹ,Triệu chứng,tình trạng khó thở khi leo cầu thang hoặc [o] gắng sức nhẹ [/o] có thể là biểu hiện của suy tim do hậu quả [s] bệnh mạch [/s] vành.,Có_triệu_chứng,Silver-Rule
Tình trạng khó thở khi leo cầu thang hoặc gắng sức nhẹ có thể là biểu hiện của suy tim do hậu quả bệnh mạch vành.,bệnh mạch,Bệnh,suy tim,Bệnh,tình trạng khó thở khi leo cầu thang hoặc gắng sức nhẹ có thể là biểu hiện của [o] suy tim [/o] do hậu quả [s] bệnh mạch [/s] vành.,Gây_ra,Silver-Rule
